item,id,name,country,psid
Q62626907,197648,Alexander Bernhuber,Austria,Q62626907-902117e6-4bf5-6274-fb80-83fbc67bcbc4
Q500389,197670,Andreas Schieder,Austria,Q500389-A82F7E47-05C3-481B-8CE2-58CC44538A33
Q534677,197652,Angelika Winzig,Austria,Q534677-E80E21AB-B1FD-4480-9945-1CEE321B0F63
Q64140675,197667,Barbara Thaler,Austria,Q64140675-94026038-4249-f048-c3f5-c2c1d40ff034
Q850077,197678,Bettina Vollath,Austria,Q850077-C666FDD3-576E-4796-BF73-81CD75BD967A
Q1081665,204368,Christian Sagartz,Austria,Q1081665-3b454c0a-4448-aa46-8476-8ea7bb3cb8e9
Q21029376,197632,Claudia Gamon,Austria,Q21029376-c2df9eab-41ad-bdf0-d28b-2fd1e88be113
Q87549,96998,Evelyn Regner,Austria,Q87549-8D6E54AF-647F-4279-9D27-E08A2CE7F149
Q16064658,38511,Georg Mayer,Austria,Q16064658-44b3e876-4a37-8305-867e-2493a4e6f9d3
Q14541202,197677,Günther Sidl,Austria,Q14541202-4F429617-A5F5-4355-8828-F8C49547ED31
Q64084178,197682,Hannes Heide,Austria,Q64084178-cf064300-436f-bcca-111d-3dd47459a0ed
Q90244,125001,Harald Vilimsky,Austria,Q90244-bfd16e00-479e-1552-109c-013fc229d32d
Q1876930,190713,Lukas Mandl,Austria,Q1876930-F5F1DE64-15E2-4139-ACB7-A10C1DCB37EB
Q1944783,124934,Monika Vana,Austria,Q1944783-71B28C64-65FC-4F30-9FD9-43988854EAFB
Q85368,4246,Othmar Karas,Austria,Q85368-8a25700d-4786-4e74-9d42-9f7d04531f72
Q2164581,198176,Roman Haider,Austria,Q2164581-2117D679-F559-4F9F-ACB6-808A6F361538
Q114667,197675,Sarah Wiener,Austria,Q114667-6c9cc2cf-46bf-431c-0df1-622907588afc
Q63791339,197656,Simone Schmiedtbauer,Austria,Q63791339-57D58597-9717-4DE2-AD4F-B5C9F7A1B8C6
Q38057897,190464,Thomas Waitz,Austria,Q38057897-24332f3b-4d37-c2a1-5b33-483888ac56bb
Q457117,124936,Maria ARENA,Belgium,Q457117-541a4be5-2835-44b1-8e1f-1f2e191f8b14
Q99769691,208722,Sara MATTHIEU,Belgium,Q99769691-0f82e79d-46b4-cc5e-d572-e354221b9654
Q19760666,197469,Assita Kanko,Belgium,Q19760666-bc274e4c-4539-6839-e375-8e75062cc927
Q704126,197458,Benoît Lutgen,Belgium,Q704126-2EB12F36-3737-45BA-BB20-6446B32A0814
Q2972740,197455,Cindy Franssen,Belgium,Q2972740-b037009e-2d15-424a-9d5a-860cf7ea0566
Q466236,197472,Filip De Man,Belgium,Q466236-976cc6eb-8da1-4fc3-a1b8-d20dfab8efb1
Q458084,4253,Frédérique Ries,Belgium,Q458084-F493638E-DBA5-4E5A-819D-C1529243FB93
Q2355582,197467,Geert Bourgeois,Belgium,Q2355582-5966fe01-a7cb-4541-94a5-de121c14e080
Q2294644,124973,Gerolf Annemans,Belgium,Q2294644-845363bd-cc5c-403a-b90b-66d55148b549
Q12978,97058,Guy Verhofstadt,Belgium,Q12978-098AAA61-5A5B-467A-B062-3CE225C14E81
Q2780443,130100,Hilde Vautmans,Belgium,Q2780443-2B264575-1187-4619-BF69-19F64CAF79B4
Q15651402,125106,Johan Van Overtveldt,Belgium,Q15651402-D941E42B-6147-4C1A-A374-B3552222CAFF
Q15995,5729,Kathleen Van Brempt,Belgium,Q15995-207F79B2-EC73-4889-9DF6-52FA52086B53
Q64441604,187917,Marc Botenga,Belgium,Q64441604-af096a82-ec29-4623-9693-6adadf113f76
Q1892853,29579,Marc Tarabella,Belgium,Q1892853-0FDE68D9-3BFC-44A7-B8EC-A212F0B15958
Q3143147,197463,Olivier Chastel,Belgium,Q3143147-69B10D94-2002-446E-849F-EE3C2DD17B0D
Q1614514,24922,Pascal Arimont,Belgium,Q1614514-782363cb-9d55-432a-b76a-224b552e0dc9
Q937002,96648,Philippe Lamberts,Belgium,Q937002-c07151d0-276f-44da-a81d-a7529e7670c8
Q64085484,197470,Saskia Bricmont,Belgium,Q64085484-F28FB9D6-DF5E-4994-80F8-30A64BB69CB8
Q64952500,185771,Tom Vandendriessche,Belgium,Q64952500-11ABD64D-BE85-4053-97A8-1350E363D090
Q18225970,129164,Tom Vandenkendelaere,Belgium,Q18225970-e2d07245-4a84-8a36-be1a-87e56beba430
Q2640766,197836,Alexander ALEXANDROV YORDANOV,Bulgaria,Q2640766-7c26271e-b4ce-4e16-afd9-ae2e27deda5b
Q12272021,197849,Andrey SLABAKOV,Bulgaria,Q12272021-124767A4-D8A4-4904-AE25-A9E8F1B057A2
Q17266806,124866,Ilhan KYUCHYUK,Bulgaria,Q17266806-96a27cdb-6e09-44d7-9e97-88de9d35bfdc
Q4759190,97968,Andrey Kovatchev,Bulgaria,Q4759190-64f8dc22-265e-4baa-baca-cc5af74a98ab
Q18575732,107212,Andrey Novakov,Bulgaria,Q18575732-37B5967E-B806-45BF-89F4-49FFA5E9D71C
Q12271852,124873,Angel Dzhambazki,Bulgaria,Q12271852-44c74951-b776-49d6-8c19-12e9a5e5d302
Q45237464,189525,Asim Ademov,Bulgaria,Q45237464-0aa25e90-3d88-46cc-bab4-a498dd8ff512
Q66092063,197848,Atidzhe Alieva-Veli,Bulgaria,Q66092063-5bff27b9-4ccb-6ea2-8457-6f1678bdbe4f
Q3740539,197842,Elena Yoncheva,Bulgaria,Q3740539-0DC7801D-7394-4896-B0C3-EF8C9888BA63
Q17143079,124850,Emil Radev,Bulgaria,Q17143079-1721D91F-30C2-4C3E-AE76-DC5B4479681E
Q17266811,98341,Eva Maydell,Bulgaria,Q17266811-25137D29-00F2-4946-A2F7-0524F7E012B7
Q16269497,125128,Iskra Mihaylova,Bulgaria,Q16269497-0130BC2E-F483-4E70-A787-90E2F73E64F1
Q17410051,197846,Ivo Hristov,Bulgaria,Q17410051-08ad8581-994d-4859-8f5b-495443c39468
Q64451739,197844,Petar Vitanov,Bulgaria,Q64451739-DD865468-E2C0-420A-B918-DFE98C36FB5B
Q16684166,197839,Radan Kanev,Bulgaria,Q16684166-6e853b07-d133-4e88-b7cd-b21895645b13
Q202117,124852,Sergei Stanishev,Bulgaria,Q202117-BCD102D3-5B6C-4C1B-84B2-2F978DA1DB00
Q64226233,197845,Tsvetelina Penkova,Bulgaria,Q64226233-58FBBCED-3E28-4287-AB2E-71E4C15D5AB7
Q19973739,197441,Predrag Fred MATIĆ,Croatia,Q19973739-61C02685-8E35-4708-8E10-AB35C21BB1B7
Q11074254,112748,Biljana Borzan,Croatia,Q11074254-2b662210-21e5-4764-a333-3ed6abacb8cf
Q18668688,197935,Ivan Vilibor Sinčić,Croatia,Q18668688-9AB383E1-8438-4650-9363-803DABEFD977
Q63348832,197413,Karlo Ressler,Croatia,Q63348832-DEA96DC1-286F-464D-BE5F-98FEFCE9C5A1
Q20525869,221463,Ladislav Ilčić,Croatia,Q20525869-127e23a1-4a38-c6f0-eae3-ccce1145df6c
Q61062718,197438,Mislav Kolakušić,Croatia,Q61062718-883da309-c680-4735-aa95-eb606a53938a
Q62990563,112747,Romana Jerković,Croatia,Q62990563-3c4fc33e-427a-6500-0279-a28b4d2de162
Q16113442,202036,Sunčana Glavak,Croatia,Q16113442-d5840e4c-46a4-c062-ea65-1629946fffad
Q43677404,197417,Tomislav Sokol,Croatia,Q43677404-655FDA23-9FC4-422D-BA38-94AC8F53D198
Q2617559,112744,Tonino Picula,Croatia,Q2617559-9C721307-7FC6-4C04-9980-98C24BEF71A2
Q20525324,197419,Valter Flego,Croatia,Q20525324-783dfc07-4634-54cf-89dd-5d7edb4e839f
Q27666246,185341,Željana Zovko,Croatia,Q27666246-4EB98BA8-23E8-4E64-A118-450698709EA4
Q17265935,124691,Costas MAVRIDES,Cyprus,Q17265935-43E5B9AF-7553-4E8C-AB0B-0A25E1C53135
Q17315553,124692,Demetris PAPADAKIS,Cyprus,Q17315553-4f6cc7e5-4825-3a40-8450-2b2a210bfeac
Q64223730,197414,Loucas FOURLAS,Cyprus,Q64223730-A5ACD00F-CBF2-4ACF-9BBE-B9007353C159
Q16329183,197416,Giorgos Georgiou,Cyprus,Q16329183-09BC2B81-7EF8-43EF-AF59-4CE9F400434A
Q16571128,26837,Lefteris Christoforou,Cyprus,Q16571128-38722aa6-40ee-2458-0d07-317c78f61329
Q6082822,197415,Niyazi Kızılyürek,Cyprus,Q6082822-84440FB7-3F4A-4E48-9386-C2546E9240B6
Q939484,197537,Alexandr Vondra,Czech Republic,Q939484-6DC9399E-3C6F-417D-BC7D-F09813C2C419
Q15870693,124708,Dita Charanzová,Czech Republic,Q15870693-488889de-48f8-7ed8-9f89-cddf3afa2f10
Q3510471,96713,Evžen Tošenovský,Czech Republic,Q3510471-75f9833e-4e86-44fb-46a2-4558b8ebbbd0
Q1640725,197564,Hynek Blaško,Czech Republic,Q1640725-01074c4a-81a9-4fa8-b8db-bbde2fb69052
Q6096116,197556,Ivan David,Czech Republic,Q6096116-8e95cab6-6510-4922-853c-6fb8d98d2484
Q159490,23712,Jan Zahradil,Czech Republic,Q159490-dd9e7d89-494d-b581-81cb-0e2e9cf0b48c
Q962333,125706,Jiří Pospíšil,Czech Republic,Q962333-9d49bbaa-42ce-21ae-79da-268ab940b40c
Q12028942,23699,Kateřina Konečná,Czech Republic,Q12028942-f0778934-4374-33b0-1a6d-c350650ca4fd
Q15742179,124701,Luděk Niedermayer,Czech Republic,Q15742179-f830f912-44e7-5565-8589-5af527ba2b43
Q1485198,197546,Marcel Kolaja,Czech Republic,Q1485198-771452e5-f597-4500-a8e4-9cae2d6402fb
Q60552203,197549,Markéta Gregorová,Czech Republic,Q60552203-74bdaf5b-9c3b-474b-ba07-dbd45032d1c0
Q62085985,197526,Martin Hlaváček,Czech Republic,Q62085985-d69377c6-7439-4ce5-b78e-2c25a08256b8
Q15870687,124709,Martina Dlabajová,Czech Republic,Q15870687-81f19d9d-443c-d4e6-2f03-edd0b563f407
Q12036669,124710,Michaela Šojdrová,Czech Republic,Q12036669-18534cf5-4777-289f-677c-a487039b0f52
Q30301690,197539,Mikuláš Peksa,Czech Republic,Q30301690-6EC721B1-5E59-40E8-97BE-370707B8AC9F
Q64034460,197528,Ondřej Knotek,Czech Republic,Q64034460-f790360c-4572-409f-6dc6-bc0187c4888d
Q64140539,118949,Ondřej Kovařík,Czech Republic,Q64140539-662e24e6-e5e5-42e3-9ee3-54fc152c3bd4
Q15146511,197522,Radka Maxová,Czech Republic,Q15146511-69DBB387-5A94-4389-93C2-92953D78A467
Q12055995,124704,Stanislav Polčák,Czech Republic,Q12055995-95a38f6c-47ca-9c53-2be6-092ca6c9f1e7
Q12059351,124713,Tomáš Zdechovský,Czech Republic,Q12059351-831435E3-022A-4DA8-9E63-35419FD925D4
Q11880159,197552,Veronika Vrecionová,Czech Republic,Q11880159-5F6BE7B9-A039-4AC0-A98D-6D25CB249ADA
Q12327679,124872,Morten PETERSEN,Denmark,Q12327679-d8a3af2d-4077-9c05-a4f6-639e42f37200
Q20186168,197570,Peter KOFOD,Denmark,Q20186168-de0d6976-47ea-5c92-42d5-bb35a10aa620
Q64076211,197558,Asger Christensen,Denmark,Q64076211-15606fba-4506-bd7d-0eea-1705987b50a1
Q455548,37312,Christel Schaldemose,Denmark,Q455548-815B8FE3-4979-45D5-8F99-B38D538BE99D
Q17033649,197567,Karen Melchior,Denmark,Q17033649-886a4457-4b6f-6379-494f-b8339498d91c
Q64084024,197573,Kira Marie Peter-Hansen,Denmark,Q64084024-50FEF08E-17EB-4389-8AE4-CF819412547E
Q64076366,204331,Linea Søgaard-Lidell,Denmark,Q64076366-237ac41e-4687-af49-60cb-3a4fb121a497
Q261120,28161,Margrete Auken,Denmark,Q261120-058db287-428d-bf83-089f-bdafb9648b4f
Q64876326,199941,Marianne Vind,Denmark,Q64876326-a924008c-47b4-f3a5-4e56-4325d0906326
Q546215,96709,Morten Løkkegaard,Denmark,Q546215-be1da116-488b-a75f-67cf-3429a47dd592
Q64078250,101585,Niels Fuglsang,Denmark,Q64078250-D8C97067-4020-47C0-A85D-DA7B04E05275
Q12328993,197571,Nikolaj Villumsen,Denmark,Q12328993-8F05298A-17AD-4B78-8B56-33DEF2EEF4C6
Q62016445,197515,Pernille Weiss,Denmark,Q62016445-c98cffe8-462d-a170-5774-07009cae1f13
Q1476255,197555,Søren Gade,Denmark,Q1476255-3e3d878c-460d-5c6b-6479-3685126674a2
Q57640,124696,Andrus Ansip,Estonia,Q57640-9f0f7baa-3542-4de8-bbed-b652d60e9cd4
Q19725706,197493,Jaak Madison,Estonia,Q19725706-F551295A-9384-42D6-8D14-BE69D8EFC73E
Q439111,197491,Marina Kaljurand,Estonia,Q439111-782a6895-07d4-487e-819b-729cc874f8d8
Q2738322,204449,Riho Terras,Estonia,Q2738322-84aa9171-431b-7c8a-20fc-a49d8e1a8eba
Q2097451,197497,Sven Mikser,Estonia,Q2097451-A12F1C63-0A61-43F7-AFC9-F9DE08F91C7F
Q58100,129073,Urmas Paet,Estonia,Q58100-776B0066-DE9C-46AE-A89A-2F3606C80030
Q12379326,124700,Yana Toom,Estonia,Q12379326-8058969A-94D1-4D66-87D3-3C4B5DDBA57B
Q20254806,204335,Alviina Alametsä,Finland,Q20254806-df6e58b3-42f7-b83e-2600-214672481053
Q2360756,197800,Eero Heinäluoma,Finland,Q2360756-9cab0596-715b-4d55-aad6-e50414549017
Q11857612,191693,Elsi Katainen,Finland,Q11857612-3c80a089-f1b8-4ce4-8921-f0c30788e926
Q256001,2054,Heidi Hautala,Finland,Q256001-f18afe71-fe3f-428d-9ff8-ce5607545a61
Q2983767,124726,Henna Virkkunen,Finland,Q2983767-1106E2E2-CCCF-4D26-8D0E-3ED81DA91743
Q20251661,197594,Laura Huhtasaari,Finland,Q20251661-a6bab55f-70ad-4519-a980-655ec4fc1e09
Q1854955,197563,Mauri Pekkarinen,Finland,Q1854955-106CA7F5-67D4-42B6-93A7-F772C951FDB7
Q5413481,124735,Miapetra Kumpula-Natri,Finland,Q5413481-5e49f113-1743-4395-a113-1e499bcb5281
Q949046,114268,Nils Torvalds,Finland,Q949046-271ADEDE-9010-4D4B-ABAB-A4BE05CA925F
Q918818,112611,Petri Sarvamaa,Finland,Q918818-A67BF1D0-847F-4804-906A-50E3471C6F69
Q1284472,197805,Silvia Modig,Finland,Q1284472-CFE3CB14-6512-4559-B4BF-A0AF8EA0B0F9
Q456901,40599,Sirpa Pietikäinen,Finland,Q456901-8F53AF8D-E33B-4E68-826A-5A52226D44BD
Q4353146,197596,Teuvo Hakkarainen,Finland,Q4353146-203c8b5a-764a-4b4c-8720-840573721897
Q2366466,197802,Ville Niinistö,Finland,Q2366466-8F545F00-9E84-411A-B8DA-C00554028DB1
Q64032959,197499,Chrysoula ZACHAROPOULOU,France,Q64032959-b883b7d0-4996-da44-2092-13f724f4d917
Q287849,113892,Eric ANDRIEU,France,Q287849-44c874e7-a364-4faf-9b0b-5bc66c8bdad8
Q3134543,197626,Herve JUVIN,France,Q3134543-28df6917-7321-4f1f-b5ee-7a758537c366
Q28549362,197529,Leila CHAIBI,France,Q28549362-187929A2-F825-4D02-830B-B551178556D2
Q63928594,197629,Maxette PIRBAKAS,France,Q63928594-55D278D7-D438-46B4-883D-FE88B3053110
Q33109862,197535,Agnès Evren,France,Q33109862-1e3430c6-a52e-4f6e-a329-b28f8a948830
Q47485256,197690,André Rougé,France,Q47485256-9D3B72AC-6631-44CF-AE32-EDA5F353E903
Q17171393,24594,Anne Sander,France,Q17171393-4D542083-E281-4387-A857-0D10A0AD5C5A
Q58826805,197527,Anne-Sophie Pelletier,France,Q58826805-0DE78725-79FE-428F-8904-9AFE5474A2DD
Q64031739,182995,Annika Bruna,France,Q64031739-40AA2D0E-F9ED-42FC-8B97-D6627CA4F2C8
Q444504,96747,Arnaud Danjean,France,Q444504-f99fe4d1-95f4-452d-b231-e89c8c5816ed
Q56320702,197697,Aurore Lalucq,France,Q56320702-19D2CFDC-CF65-4F92-A473-ACF242948AA9
Q63607673,197680,Aurélia Beigneux,France,Q63607673-7b46f0a3-3e00-47b4-8645-b0a09e504fb1
Q63348995,197512,Benoît Biteau,France,Q63348995-9CCE0824-9272-4EE3-A746-B281978FEDF1
Q2898005,197543,Bernard Guetta,France,Q2898005-110c99cd-45e2-05a5-fc8b-c53cb1459917
Q502972,5565,Brice Hortefeux,France,Q502972-f087ee03-2735-4a7d-9d74-e0933a27dacc
Q64057331,197506,Caroline Roose,France,Q64057331-aceb1f5b-4d86-ccd4-2b6f-be8e60b980b9
Q2941852,197505,Catherine Chabaud,France,Q2941852-6d6b9ea2-4597-dddf-3d62-ec3cc4ad60d6
Q64031647,94649,Catherine Griset,France,Q64031647-8490096b-5935-43dc-bfe9-926ff3124b1b
Q21156576,197557,Christophe Grudler,France,Q21156576-7c823493-4b0b-a100-965c-ccd86859ee69
Q33178150,204420,Claude Gruffat,France,Q33178150-822b3bb4-b172-4bfd-b8a1-88c85851fa58
Q37793165,197574,Damien Carême,France,Q37793165-df613a30-47c4-d073-29bf-54ab2055d5b6
Q23058507,197503,David Cormand,France,Q23058507-838f2ff2-d53d-4ad2-bb71-ac6d6f3f70cc
Q17174898,124771,Dominique Bilde,France,Q17174898-ca38793a-e148-4f75-92e1-43038c54ba1b
Q1238315,96885,Dominique Riquet,France,Q1238315-7877C3D8-5933-4F20-A1A4-6992F0181B5D
Q3052795,24505,Emmanuel Maurel,France,Q3052795-56EF9DFB-4C69-4551-A492-F246A8EDDA2E
Q440151,22858,Fabienne Keller,France,Q440151-3681d6d5-275b-482f-847e-835f7009d7a5
Q5478286,189065,France Jamet,France,Q5478286-afd79904-f342-409b-a048-f1b5bfc86862
Q1450883,96750,François Alfonsi,France,Q1450883-8ea23f1b-9b4e-4b4a-9eca-920f656f90c9
Q15724624,197534,François-Xavier Bellamy,France,Q15724624-25c54ce8-f041-4ea4-8f35-0c2bf4f0e0ed
Q3101123,190774,Geoffroy Didier,France,Q3101123-ce0d6eec-c5fd-42d3-bf79-19df510a88dd
Q1922673,197683,Gilbert Collard,France,Q1922673-78141fc4-4164-476e-b137-befd0d4355c9
Q21634444,197577,Gilles Boyer,France,Q21634444-be2cddd8-0679-4a20-9ffb-d137f0f5785d
Q16549460,124738,Gilles Lebreton,France,Q16549460-A2A145FA-62EC-4135-9435-A11619D9ABF1
Q64032728,197531,Gwendoline Delbos-Corfield,France,Q64032728-13395609-4fb9-8f6a-6e5b-69d34e7cc89c
Q60604421,197597,Hélène Laporte,France,Q60604421-D0DD0CD4-0F38-48B3-84C0-A68187353F4D
Q30011696,204416,Ilana Cicurel,France,Q30011696-9fd0eaa2-4a13-e693-d8ea-344737121540
Q63764921,197547,Irène Tolleret,France,Q63764921-82BA1919-F6C7-46B8-B422-E8CD53EC640B
Q3165682,124770,Jean-François Jalkh,France,Q3165682-c4f3d5d8-4f05-4b2d-88ec-9e46c7695216
Q42099949,204421,Jean-Lin Lacapelle,France,Q42099949-140af6d3-4f01-5f05-c7e5-a54aefe832f7
Q954006,197628,Jean-Paul Garraud,France,Q954006-db65c138-95d8-47db-b825-be47d1bac9ae
Q40655898,131580,Jordan Bardella,France,Q40655898-66ae420e-4874-3ea0-3c1a-d57d30c94d81
Q17155333,124765,Joëlle Mélin,France,Q17155333-021F0880-5FE7-4A05-BFB2-C55DA7D2A3FB
Q63607678,197686,Julie Lechanteux,France,Q63607678-5694616A-CEAB-442A-A8AE-BAB29E3043F7
Q63975557,197504,Jérémy Decerle,France,Q63975557-765fffc6-424f-42d1-adce-18ce4b5073f5
Q3191042,197615,Jérôme Rivière,France,Q3191042-76AE7DB3-B3F9-4175-996E-0F64315CDDDE
Q433637,96868,Karima Delli,France,Q433637-2264413f-33e5-44f7-9b79-93d3606f38ad
Q64038074,197589,Laurence Farreng,France,Q64038074-74dd169e-d2b3-43b4-8e24-d5f790cba5f8
Q59601214,197533,Manon Aubry,France,Q59601214-ca41193a-a04b-46c3-8317-a377e6e59cd5
Q29575749,197521,Manuel Bompard,France,Q29575749-8ab2cb0f-3476-4aea-af15-f40407be190d
Q63347906,97236,Marie Toussaint,France,Q63347906-6b8db9a4-4318-4285-bd60-ecfda6864c9b
Q63965965,197502,Marie-Pierre Vedrenne,France,Q63965965-f7d26090-4bcf-4446-85df-b4cdfcf19279
Q63537108,197691,Mathilde Androuët,France,Q63537108-87776612-47d9-4b4b-9f22-4df6174450f8
Q442810,96743,Michèle Rivasi,France,Q442810-4062690E-4E53-4C30-8820-8B4BD9A5224D
Q63537174,197500,Mounir Satouri,France,Q63537174-0D3728EB-081B-4E20-A2AF-197362DE21E2
Q3334944,72779,Nadine Morano,France,Q3334944-08FA806B-115A-47AF-A119-6491DCFB8111
Q63615187,197536,Nathalie Colin-Oesterlé,France,Q63615187-B877222C-4758-4CCD-8CA6-F40FD1FBC9FF
Q16666184,197494,Nathalie Loiseau,France,Q16666184-bae346b0-4637-598a-79da-36370dd95db9
Q3340073,124760,Nicolas Bay,France,Q3340073-fd0a7a4d-29b0-4bd3-b0c7-381b4419a3b7
Q64035116,204418,Nora Mebarek,France,Q64035116-13d81614-fa9d-42e6-961a-7e7effba55fe
Q929393,96711,Pascal Canfin,France,Q929393-9ecab070-b272-4b44-ab5d-6f597987d7d1
Q3367388,124693,Pascal Durand,France,Q3367388-afdf434d-780e-4be3-a27f-1c15930847eb
Q18744905,197687,Philippe Olivier,France,Q18744905-75F4FAC2-0CA9-46B0-A418-71BBF2C3B6CE
Q63248655,197585,Pierre Karleskind,France,Q63248655-6c125eec-92bd-4225-9853-abb574ccdb1a
Q3385791,197698,Pierre Larrouturou,France,Q3385791-8023d993-52c5-46a9-9b4a-4c4727ac555d
Q556149,197694,Raphaël Glucksmann,France,Q556149-66c1b81b-fd2f-47bb-b6a9-31d61cf21728
Q64056386,197511,Salima Yenbou,France,Q64056386-2b369d5c-4308-293a-d57e-b1cbf0df275c
Q3948237,204419,Sandro Gozi,France,Q3948237-40ae0b1d-4ea3-c479-22f2-e7ed85fb87ea
Q63147897,197551,Stéphane Bijoux,France,Q63147897-555ca6b7-6cf3-4b2a-a981-9a89ca072cdc
Q48321355,197508,Stéphane Séjourné,France,Q48321355-4c156ebd-0cf4-44c4-bbe5-97a448428531
Q63766124,197581,Stéphanie Yon-Courtin,France,Q63766124-c28ce5f3-444d-72e1-9f4d-fb3e04ed234f
Q63228573,197576,Sylvie Brunet,France,Q63228573-d481e25a-22c3-4774-8041-3444da85bfa0
Q439991,96952,Sylvie Guillaume,France,Q439991-40d515c9-2939-401f-bf1b-7e03329a0704
Q63655,197623,Thierry Mariani,France,Q63655-A39E1246-0527-490B-9AC5-ACCD7C0A1865
Q63764512,135511,Valérie Hayer,France,Q63764512-36728703-4b9c-8fa3-497e-6f4fb0aed583
Q60604481,197627,Virginie Joron,France,Q60604481-61661d59-656d-4d1a-944b-c6f503fb98bc
Q42216408,197593,Véronique Trillet-Lenoir,France,Q42216408-9175D39B-D7B8-4ADE-8E61-12E6B687A321
Q441791,96740,Yannick Jadot,France,Q441791-ccdae446-3f71-4ab2-afc3-f4d51b973759
Q2542770,30482,Younous Omarjee,France,Q2542770-1C7EE921-CCB7-4833-9453-D34B94376BF6
Q71660,1854,Constanze KREHL,Germany,Q71660-ad7579fa-c4a0-488c-bc13-0e513877abd1
Q64032638,183916,Alexandra Geese,Germany,Q64032638-44f7198b-f99c-48cb-bace-beee396eb4d0
Q497480,197443,Andreas Glück,Germany,Q497480-8E24FF68-8A68-449E-BDB1-973F5119B9CD
Q78194,28223,Andreas Schwab,Germany,Q78194-5F9EAD5C-CEC6-4868-803E-F6DC3F15B0D9
Q74215,4289,Angelika Niebler,Germany,Q74215-D38B4955-0EC7-4462-94E5-C09FE9D69401
Q64063467,86793,Anna Cavazzini,Germany,Q64063467-FB57FA06-3555-4638-91ED-40595503FA1D
Q61963488,197453,Anna Deparnay-Grunenberg,Germany,Q61963488-b22bb577-d89f-42d3-ab09-065c7612af74
Q16530497,96761,Axel Voss,Germany,Q16530497-F3F2739E-2B09-4E68-B556-665B274D8EEA
Q65437,1909,Bernd Lange,Germany,Q65437-F6D0E985-F7BD-402C-8A5C-2E6A88A6E821
Q64174237,197489,Bernhard Zimniok,Germany,Q64174237-8E9B3A7F-8EDD-4E93-8D20-D36C188D667C
Q108736,96932,Birgit Sippel,Germany,Q108736-B814CF11-A265-4A5A-99A3-A7E5D4592269
Q64069403,197473,Christian Doleschal,Germany,Q64069403-132b88fb-d0e0-43b8-b644-4c86f110ab34
Q74162,28226,Christian Ehler,Germany,Q74162-367bf7b5-9c94-4b87-ab04-dbcf6a535f62
Q64073047,197475,Christine Anderson,Germany,Q64073047-81486ca8-e049-4ef3-a764-8ebac849b888
Q1083771,197422,Christine Schneider,Germany,Q1083771-6DF7FB8C-15B8-411B-8997-CA6DAE52B401
Q91526,96852,Cornelia Ernst,Germany,Q91526-b92f748c-8d7f-444a-9c32-596bc3d63e2b
Q63532607,197439,Damian Boeselager,Germany,Q63532607-2C6C4E72-6CFD-40F6-B3B7-EC29561FA2E4
Q77761,28219,Daniel Caspary,Germany,Q77761-ffd3a772-59af-4748-8442-e4cc3d98fd67
Q64043969,106936,Daniel Freund,Germany,Q64043969-7016a14c-02f8-438b-990c-8ff43349b644
Q62093,124806,David McAllister,Germany,Q62093-CDD0987F-CB37-4060-8631-B9B46DDB125E
Q64071790,197440,Delara Burkhardt,Germany,Q64071790-FF3A2709-AF94-4C0E-A226-D01C893A381D
Q34674536,188945,Dennis Radtke,Germany,Q34674536-A2D331AC-1534-43CF-938F-EF451A7AF327
Q16999729,124822,Dietmar Köster,Germany,Q16999729-7e5b1062-05f9-45db-a044-dfb2902479c7
Q64142542,197430,Engin Eroglu,Germany,Q64142542-C3EE3FCE-D55F-45E9-9F8D-BBCFC76F0978
Q18222891,197462,Erik Marquardt,Germany,Q18222891-4AF6FD05-AAC6-43DB-A547-1BEE84299621
Q74191,1913,Evelyne Gebhardt,Germany,Q74191-92dd2a8c-11c2-483d-8aee-3de23e3e4cbb
Q54934102,197435,Gabriele Bischoff,Germany,Q54934102-84a0f2fc-1510-40dd-ac75-1b54b236fa3e
Q26822072,197488,Guido Reil,Germany,Q26822072-A16FB67F-DC9B-470D-9959-1C56FFD08560
Q16727434,132191,Gunnar Beck,Germany,Q16727434-47e66573-f0d4-4a86-b6ec-5a1c25a1f8e1
Q52618103,197464,Hannah Neumann,Germany,Q52618103-58C5C5C0-81B4-4D18-B9BB-E56DA9FDFAE3
Q29877665,197436,Helmut Geuking,Germany,Q29877665-f22207ad-3e38-4ada-8b08-0f9416ba047f
Q96290,96646,Helmut Scholz,Germany,Q96290-BF12A410-7E71-4CD1-8E02-F845488376F2
Q64081097,197457,Henrike Hahn,Germany,Q64081097-64232500-81c0-4cce-8178-a320bfb0f4ff
Q1618317,197408,Hildegard Bentele,Germany,Q1618317-4d0fde17-9a4d-419b-9b5b-8b7d550ca8c1
Q75194,96842,Ismail Ertug,Germany,Q75194-68dcf25a-1040-4afa-9d83-453ad03a70c1
Q111435,197432,Jan-Christoph Oetjen,Germany,Q111435-BD5504D5-513C-42FE-98E6-0EF3A1A89598
Q95758,96833,Jens Geier,Germany,Q95758-65c4efd5-5aa8-481d-8177-646a6a52bbf5
Q17310794,124807,Jens Gieseke,Germany,Q17310794-ef41d934-d135-4feb-8b06-08e4ad22c90b
Q64129385,197482,Joachim Kuhs,Germany,Q64129385-b8eb1530-9775-4466-b28a-d4659deef972
Q1499562,124837,Joachim Schuster,Germany,Q1499562-4FD6914D-2240-4C66-9EAC-704C6B3BDB55
Q47514370,197466,Jutta Paulus,Germany,Q47514370-4C791CD8-1272-413D-A884-6101C05A5955
Q15907132,190518,Jörg Meuthen,Germany,Q15907132-AFDF49E1-AA06-4224-B029-2078E3BEA541
Q108904462,226260,Karolin Braunsberger-Reinhold,Germany,Q108904462-abf304ec-4380-4152-9e97-07384ec5f716
Q110529529,228286,Karsten Lucke,Germany,Q110529529-72975e9d-4a6f-1a28-8c59-fa2f07b11c37
Q15117357,197433,Katarina Barley,Germany,Q15117357-908fb232-7914-4321-a489-4bdcd73166ce
Q64032761,197461,Katrin Langensiepen,Germany,Q64032761-D253025F-D53E-43F4-9C3D-87F03C070BEF
Q23559933,197478,Lars Patrick Berg,Germany,Q23559933-b34ef4fc-1b76-48f5-a56c-f51589b5a9bb
Q64068338,99945,Lena Düpont,Germany,Q64068338-79a8f919-e669-4091-a57f-904875a8e4ed
Q110572786,229352,Malte Gallée,Germany,Q110572786-0a7afb48-42ad-ef88-3f84-fd7ed27285cc
Q88866,28229,Manfred Weber,Germany,Q88866-281A2847-F20C-4679-990D-CF17CFD18348
Q96682831,206158,Manuela Ripa,Germany,Q96682831-8fa4d245-45e2-164b-037e-fe60f9289e84
Q1112658,124836,Maria Noichl,Germany,Q1112658-EFF9E627-6554-4D63-B6E2-78CECAF4904A
Q97573,197429,Marion Walsmann,Germany,Q97573-D8302634-10D1-4D71-836F-200E59A131D9
Q64174236,128483,Markus Buchheit,Germany,Q64174236-1137BC45-7D5A-43FA-BDBD-D73859027A1A
Q85676,1917,Markus Ferber,Germany,Q85676-2810fc09-957f-47d6-b8c5-5e1b6bc8a948
Q78202,28224,Markus Pieper,Germany,Q78202-FFB3F8AF-9E77-45F1-B9A5-F0C42C365BF3
Q114033,197427,Marlene Mortler,Germany,Q114033-9224739C-EF4A-4F99-8940-C2F8B9319EA8
Q64142585,197434,Martin Buschmann,Germany,Q64142585-83b21836-4e9a-0965-045e-d8ad7d36f8fa
Q95895,96752,Martin Häusling,Germany,Q95895-d176a676-df78-498b-b721-880a0cec3284
Q17124693,190517,Martin Schirdewan,Germany,Q17124693-53BA2702-6CB4-4785-85FF-B74EFABB918F
Q87485,124834,Martin Sonneborn,Germany,Q87485-6fe29362-44c4-536f-ce5e-eeb933d3122d
Q1324719,120478,Martina Michels,Germany,Q1324719-A32EDD3C-4478-4812-B787-0D70D55F9CCE
Q64073803,197481,Maximilian Krah,Germany,Q64073803-f8b42a88-b6d4-4843-8aa2-616c65659ac8
Q63979256,197449,Michael Bloss,Germany,Q63979256-08d90493-925b-4a3c-b019-8709cae5f597
Q85537,2341,Michael Gahler,Germany,Q85537-aeb9b24d-b966-4db3-bbd1-fb28876cd005
Q78415,96780,Monika Hohlmeier,Germany,Q78415-4d9ffd89-77d4-4dc1-aa69-778a977d21ad
Q30010698,197445,Moritz Körner,Germany,Q30010698-D449EECD-5E50-4F33-9FB4-57EF4EC7209F
Q1985836,197412,Niclas Herbst,Germany,Q1985836-238742d8-4357-453a-a455-eb2e37e89356
Q1986007,197423,Nico Semsrott,Germany,Q1986007-a7ad3f52-419e-70af-3f61-e05c0d241679
Q1986069,197437,Nicola Beer,Germany,Q1986069-6d876f70-78f5-4682-bce5-ef88c2d8f64d
Q17578800,197480,Nicolaus Fest,Germany,Q17578800-2fac2b8b-bef8-462d-85d8-787dd532f529
Q64032175,197465,Niklas Nienaß,Germany,Q64032175-50AE7A74-A599-4AC5-8F41-657DAF7A9954
Q16999649,124808,Norbert Lins,Germany,Q16999649-4693A67B-CEDC-4A42-8B0E-8C8138534BF8
Q997327,197431,Patrick Breyer,Germany,Q997327-2168b928-48bc-d71b-6994-a2d64d15230a
Q88213,96772,Peter Jahr,Germany,Q88213-66490b7b-2177-4bdb-af08-ac247d4db87e
Q85566,1927,Peter Liese,Germany,Q85566-582EE36D-6CCB-4AD9-99F7-4C43F61E90AE
Q92274,96837,Petra Kammerevert,Germany,Q92274-0dc48c52-8f33-4ed4-9e2c-b51382a0509c
Q64044365,197459,Pierrette Herzberger-Fofana,Germany,Q64044365-f2a33019-65ca-4643-80b7-4c1f52e40e1d
Q85543,2323,Rainer Wieland,Germany,Q85543-B49231DF-C470-4023-83DD-FBE01679A68F
Q2129398,197425,Ralf Seekatz,Germany,Q2129398-0C88E6FF-EF23-457E-A031-B8AD5EFE4623
Q975171,197448,Rasmus Andresen,Germany,Q975171-c80f50a6-284e-4968-965f-d87a6cdb7f75
Q31236,96739,Reinhard Bütikofer,Germany,Q31236-af80e56a-8eaf-4625-92a9-22afa3a52ae1
Q110794778,229839,René Repasi,Germany,Q110794778-a51b204f-4633-3930-0630-96ea0dd71d0b
Q2165078,193273,Romeo Franz,Germany,Q2165078-3b74a3ee-5ae4-45ce-a570-de6c778f1538
Q91697,96756,Sabine Verheyen,Germany,Q91697-64D4E25D-2731-4BDF-886C-D40E53C0074D
Q2272984,197460,Sergey Lagodinsky,Germany,Q2272984-ba7fe6a8-727f-4b03-be06-92db22ce94b6
Q71528,96734,Ska Keller,Germany,Q71528-edaf12e6-b141-43d3-aa09-55fb07f32d79
Q2336010,197410,Stefan Berger,Germany,Q2336010-11b45a4a-d374-4148-b7c8-a79cd8620bad
Q43475331,197426,Sven Simon,Germany,Q43475331-A6595759-A9C8-4450-B30C-464C7B7194BA
Q63348799,197444,Svenja Hahn,Germany,Q63348799-EF55C0CE-2ABB-4DA3-AC6D-457BE5E2250F
Q64051695,197483,Sylvia Limmer,Germany,Q64051695-0434eeaa-2da8-49ee-9717-6de752825a2a
Q1386500,103381,Terry Reintke,Germany,Q1386500-F7F3BDAD-4027-400C-9111-7FDB72626E9F
Q27903982,185619,Tiemo Wölken,Germany,Q27903982-A4DBED4A-E6B2-4CF3-93BA-9F4E042C67B7
Q449080,4267,Udo Bullmann,Germany,Q449080-c256caf3-71f6-428b-926e-cd9408afa311
Q2477402,124862,Ulrike Müller,Germany,Q2477402-1CAFC25D-DC20-4683-B633-2DCB096969E4
Q98158,197451,Viola von Cramon-Taubadel,Germany,Q98158-E7A4E8C6-5EE5-4041-9AA6-B7C80A13A65B
Q307920,197468,Özlem Demirel,Germany,Q307920-b4476353-16aa-4e53-89b8-94b01ce6cd5d
Q3556414,28586,Dimitrios PAPADIMOULIS,Greece,Q3556414-CF90BA08-8F27-4C3A-8B9E-531BE5E3BE71
Q16061914,125065,Elissavet VOZEMBERG-VRIONIDI,Greece,Q16061914-418C025C-CE15-462C-81F3-C2C5CC01AA5E
Q65589121,198490,Emmanouil FRAGKOS,Greece,Q65589121-dba5a4ed-45e9-63a5-c40a-578245145fc6
Q3765532,125063,Georgios KYRTSOS,Greece,Q3765532-82ebbf18-9715-4c84-8dd0-f13a52abda41
Q3154049,197737,Ioannis LAGOS,Greece,Q3154049-708075ea-e7a9-4fd8-ae59-43000c4a8f96
Q64995541,197701,Konstantinos ARVANITIS,Greece,Q64995541-9658362c-b49f-4fe6-b571-377ae287db4e
Q17265926,125093,Kostas PAPADAKIS,Greece,Q17265926-B9E9B1C0-AEFF-4307-B49B-9BA7A8B35A29
Q64762049,197734,Lefteris NIKOLAOU-ALAVANOS,Greece,Q64762049-4f14a923-1680-490e-a474-4da6bf24a738
Q16328888,197743,Petros KOKKALIS,Greece,Q16328888-827d95c0-05fe-44fc-927c-2ef32d50064c
Q1862392,197819,Alexis Georgoulis,Greece,Q1862392-ae3150c6-2d68-486b-b7f8-9eb70b8e9a01
Q16329215,197695,Anna-Michelle Asimakopoulou,Greece,Q16329215-a85266a4-9214-40eb-8871-fd85931cba11
Q64767831,197740,Athanasios Konstantinou,Greece,Q64767831-AA38D516-C7F0-4BCB-B5D2-C6026E96D716
Q18641022,197699,Elena Kountoura,Greece,Q18641022-294922c1-615c-4172-8911-2b8c7f09719d
Q2420152,125109,Eva Kaili,Greece,Q2420152-420b2039-4f5d-4a76-ae46-ce35b16345d7
Q6751217,125068,Manolis Kefalogiannis,Greece,Q6751217-01587e36-c4f6-4bec-88a5-00fa21d8fb59
Q17155698,125064,Maria Spyraki,Greece,Q17155698-37965D83-2B6E-4804-ACB1-3A158BDDFA46
Q17116940,125110,Nikos Androulakis,Greece,Q17116940-c9a067ed-0b54-46ca-9fef-0e9966841b40
Q14476134,130833,Stelios Kouloglou,Greece,Q14476134-201c4d40-7475-4174-91a1-19d4a6f10858
Q64031924,197692,Stelios Kympouropoulos,Greece,Q64031924-b802a2ec-3409-4ce2-9402-f68b0b50fad2
Q296452,125067,Theodoros Zagorakis,Greece,Q296452-96068962-F268-4CCB-8AF6-CA297EA425AD
Q1895909,197662,Vangelis Meimarakis,Greece,Q1895909-9443D127-75D1-44C2-85B0-E104B31BCC18
Q17315555,124714,Andor Deli,Hungary,Q17315555-787ab453-75cf-4617-8be8-617d3540dd2d
Q17302280,124712,Andrea Bocskor,Hungary,Q17302280-99e2dfc1-2301-4c0b-a548-67c92662a4ad
Q281433,23816,András Gyürk,Hungary,Q281433-7e769929-7efd-48dc-a0b5-1d87754c4153
Q56392496,197595,Anna Júlia Donáth,Hungary,Q56392496-b0a1a0a6-4a9c-52cd-1ef0-ecfa96807bbd
Q774605,197587,Attila Ara-Kovács,Hungary,Q774605-f37c1958-c46f-4f61-8420-87707941bde1
Q15229428,124586,Balázs Hidvéghi,Hungary,Q15229428-eb678e3d-bd95-44a2-bf5c-03927f2df005
Q967118,124722,Csaba Molnár,Hungary,Q967118-93D1B3F5-8326-4105-A3C9-078AE4D81DA7
Q63224222,27714,Edina Tóth,Hungary,Q63224222-1572E238-CBEA-4047-99D8-4B794F940786
Q250611,96830,Enikő Győri,Hungary,Q250611-fffebccf-f95d-4138-9bab-8a1a9369efa6
Q63224243,213330,Ernő Schaller-Baross,Hungary,Q63224243-7c1f0275-4c31-9838-0345-cd45e24a0f3f
Q17297615,124715,György Hölvényi,Hungary,Q17297615-3f26a144-9666-4a39-ab88-db750e741f43
Q253020,124705,István Ujhelyi,Hungary,Q253020-7C1447BB-8D8C-4CE5-838F-BE2A9C3F436F
Q56390799,197588,Katalin Cseh,Hungary,Q56390799-d077c362-4aff-a634-1ffc-f02be71cfee6
Q721647,28150,Kinga Gál,Hungary,Q721647-0d6f91c1-5f08-436a-bd99-4143e6894648
Q716486,197579,Klára Dobrev,Hungary,Q716486-3096288B-A88E-4853-A15F-A7193DD61CAC
Q1324589,197894,László Trócsányi,Hungary,Q1324589-268D6C63-A945-4C5F-BC4C-74B08EDE1C6C
Q372388,28141,Lívia Járóka,Hungary,Q372388-06401079-4f88-482e-a5db-78cb6d1c65c9
Q172301,198063,Márton Gyöngyösi,Hungary,Q172301-270dbecf-1fd8-4de2-a6fe-a999db5e6134
Q63225379,197584,Sándor Rónai,Hungary,Q63225379-B23CB58D-F557-474D-B990-CD00E48D8324
Q645267,96826,Tamás Deutsch,Hungary,Q645267-84fda392-1cb0-4490-8d64-b7ac6ac9b33f
Q249551,96829,Ádám Kósa,Hungary,Q249551-5b0178ae-067b-4db6-9370-d4b6daf61001
Q3617687,197788,Anna BONFRISCO,Italy,Q3617687-7e5a3952-cf02-4a10-9c2d-60bb8dd14021
Q64156493,197794,Chiara GEMMA,Italy,Q64156493-0ab27c79-22ff-4cd4-9dcf-b4642660e443
Q3905080,124846,Pina PICIERNO,Italy,Q3905080-B2741ACC-AC33-4AA1-93A9-FE6E5E27D86B
Q1077655,36392,Aldo Patriciello,Italy,Q1077655-F6D6FC61-884F-424D-BA6E-45E22658438F
Q64485602,197610,Alessandra Basso,Italy,Q64485602-96990219-ef2d-4d66-a1d0-c537d9570e5c
Q15055614,124799,Alessandra Moretti,Italy,Q15055614-C048F5EE-5C4E-450D-B5EB-54C8333DED18
Q64520631,99283,Alessandro Panza,Italy,Q64520631-EB717B32-D16C-4A90-87A5-5A10DD208BC5
Q64351495,197797,Andrea Caroppo,Italy,Q64351495-9F4FE372-B226-4FC8-8B71-E27B6888B2F8
Q493714,96880,Andrea Cozzolino,Italy,Q493714-9713ac37-96e7-4e45-b888-255dc6a7d31e
Q24951518,183793,Angelo Ciocca,Italy,Q24951518-fc825653-61b2-460d-a917-69659a6c9a45
Q64504181,197806,Annalisa Tardino,Italy,Q64504181-E1BCE7C1-B2DC-4E1E-B423-258B669D20C1
Q64156914,197787,Antonio Maria Rinaldi,Italy,Q64156914-96AAD985-EB03-4DD0-AD46-5B5D9CE3AB37
Q440710,2187,Antonio Tajani,Italy,Q440710-D5065BD5-C500-4257-96EE-E19DD54C7F31
Q17123340,124867,Brando Benifei,Italy,Q17123340-b476f981-30bd-45fa-9c18-479c1cf7c728
Q110513292,230085,Camilla Laureti,Italy,Q110513292-e1c23e30-43f3-e458-5140-9ff3eb6fd697
Q12467437,197617,Carlo Calenda,Italy,Q12467437-C65724FB-92A3-423E-880F-87207E26F7BE
Q3659342,96810,Carlo Fidanza,Italy,Q3659342-51f75c05-abe6-4c4d-b8ef-d7b097a2cd8b
Q16389751,124861,Caterina Chinnici,Italy,Q16389751-759e93fb-24ca-4b83-a294-b798b22a8970
Q64156446,197792,Daniela Rondinelli,Italy,Q64156446-6FE0A11C-8A67-43D9-98BC-56F34A254A0F
Q51954730,192635,Danilo Oscar Lancini,Italy,Q51954730-9f7ec67c-4498-25be-d800-d72a6b3a2d4f
Q50221206,197804,Dino Giarrusso,Italy,Q50221206-e399f438-47a6-46d5-8801-a02bf1427ce2
Q64555189,197611,Elena Lizzi,Italy,Q64555189-78D2B8AC-6EB8-468D-9AC6-FC80B7DDFB0D
Q17266677,124779,Eleonora Evi,Italy,Q17266677-561d2967-6531-4f62-b57f-702f4e77674d
Q16268441,197618,Elisabetta Gualmini,Italy,Q16268441-4426b2e3-d219-4a3c-ba5c-9edb3f838129
Q17266683,124812,Fabio Massimo Castaldo,Italy,Q17266683-bb100ff2-4b83-43c1-8788-f26fe544c42f
Q64578398,197822,Francesca Donato,Italy,Q64578398-e0000b31-2cba-4842-ba1d-404d1ffe92b2
Q15830415,197801,Franco Roberti,Italy,Q15830415-5A503408-C7CC-454D-9E96-827BBFC7832E
Q17266672,124828,Fulvio Martusciello,Italy,Q17266672-EA88550F-7F19-4C3C-8723-D97E66F1EBC9
Q24292529,197608,Gianantonio Da Re,Italy,Q24292529-c82881a1-bd6a-49df-aa1f-7d5279a8432f
Q3763386,197582,Gianna Gancia,Italy,Q3763386-16b5bf61-a59c-40ba-be73-fd465d583bd9
Q666504,197590,Giuliano Pisapia,Italy,Q666504-FDE67F57-CD49-4406-BDF6-4CD5044D76E9
Q51952680,192634,Giuseppe Ferrandino,Italy,Q51952680-91a3e7f0-a94f-4db0-a88f-ecd04d3917a5
Q64692014,197824,Giuseppe Milazzo,Italy,Q64692014-F8C4A6F1-4ACE-469F-88E4-6DC5909267A6
Q1285166,96787,Herbert Dorfmann,Italy,Q1285166-6eb50a2c-45e0-4033-846b-7ba51057e586
Q16977486,124856,Ignazio Corrao,Italy,Q16977486-5fdd34c8-b0de-437d-a7e7-b6dbd64aab3a
Q3801917,197591,Irene Tinagli,Italy,Q3801917-E39CDC4C-D349-4B6A-8E6C-ED1F8408BC9A
Q17170880,124831,Isabella Adinolfi,Italy,Q17170880-94d40527-7623-45f6-b128-ed0571228c64
Q64063745,197580,Isabella Tovaglieri,Italy,Q64063745-641BE51D-B1C2-4008-835B-4BA1EA6176DA
Q17152507,124833,Laura Ferrara,Italy,Q17152507-0b04553f-8747-4252-b407-997576a5ed4f
Q64504343,197798,Lucia Vuolo,Italy,Q64504343-6C48D8B6-F968-42C9-87A1-D98138A97F01
Q64555028,197790,Luisa Regimenti,Italy,Q64555028-AB3182BA-5D97-4342-8AE4-E2F603EAD94A
Q583545,97198,Mara Bizzotto,Italy,Q583545-4b462d08-02c0-4f10-9c74-b5de00b1aa29
Q64737478,35016,Marco Campomenosi,Italy,Q64737478-D82F9C32-1FF5-410A-9B77-F8A9353EDC4F
Q64594647,197614,Marco Dreosto,Italy,Q64594647-4ef3b359-605a-4f76-8ab7-fd553db26813
Q17266678,124780,Marco Zanni,Italy,Q17266678-60CC45D5-924E-4CC1-8876-E6B6F3A84C69
Q17305108,125237,Marco Zullo,Italy,Q17305108-E35BCCDE-B1E1-4BDC-9088-22E321348E4C
Q64605658,197795,Mario Furore,Italy,Q64605658-5886ce14-c287-4ddf-9558-525ebd5f0157
Q3851074,125670,Massimiliano Salini,Italy,Q3851074-5A5F961C-0C8F-4A8A-8BC6-58AAE38A36F5
Q3851077,197791,Massimiliano Smeriglio,Italy,Q3851077-EB594353-E2A7-4A83-9F48-A950B1E9FD16
Q64556144,197796,Massimo Casanova,Italy,Q64556144-22258F02-F0D3-48AC-A566-529BF0FB13A2
Q65013040,197826,Matteo Adinolfi,Italy,Q65013040-aabab5a9-fec9-4603-8c4f-5470f7849235
Q17152415,124821,Nicola Danti,Italy,Q17152415-b7774890-4906-dc43-36d2-73cd48a72e33
Q64585327,197820,Nicola Procaccini,Italy,Q64585327-96B22C22-2F58-4BC7-894D-9F8D9E6239B1
Q64351725,101039,Paolo Borchia,Italy,Q64351725-abcae524-5c5f-4674-a006-b9c8c2cb03e6
Q730921,96891,Paolo De Castro,Italy,Q730921-503ac363-426e-43d6-8ad1-1308a76c0b58
Q446679,28340,Patrizia Toia,Italy,Q446679-ED239602-A689-415B-AC53-9C0DBD6C7D81
Q64729766,197592,Pierfrancesco Majorino,Italy,Q64729766-6372E589-DAD9-47F4-A162-9B40A2C6A96C
Q17266674,124844,Piernicola Pedicini,Italy,Q17266674-B98209B2-254E-45D4-A6DF-1039E60B06EF
Q23691603,197808,Pietro Bartolo,Italy,Q23691603-2ca0bac7-4d3e-4f54-812b-b4142939b9c6
Q64737145,197607,Pietro Fiocchi,Italy,Q64737145-464b70a6-3205-484d-8ae6-00a354024e94
Q1060314,4465,Raffaele Fitto,Italy,Q1060314-da29ac15-3d0e-4b00-a98e-d655088a237e
Q3929173,197825,Raffaele Stancanelli,Italy,Q3929173-E79025CA-6006-4CB1-9E5E-2EC1ED7AA913
Q17266637,124835,Rosa D'Amato,Italy,Q17266637-4911df46-a1d4-420a-928d-f16d9d163d8b
Q64692215,197616,Rosanna Conte,Italy,Q64692215-AC6B793F-9281-4CBF-9B83-0F2953D0C62D
Q64156353,197619,Sabrina Pignedoli,Italy,Q64156353-BD68284B-14F5-453F-8392-3617DDD1D3D5
Q64626731,204333,Salvatore De Meo,Italy,Q64626731-6def76e2-4020-c714-c14c-00e21f6dd45a
Q2755156,4746,Sergio Berlato,Italy,Q2755156-42a9eaa1-4cef-8cb9-ce9a-51181584fa2b
Q48627081,197578,Silvia Sardone,Italy,Q48627081-D29D3AF6-9FF9-43C5-BA53-D4B1DD34DA82
Q11860,4391,Silvio Berlusconi,Italy,Q11860-0768f263-4d38-4c13-a0de-0a73c4c0e5d9
Q64495249,197789,Simona Baldassarre,Italy,Q64495249-05296b00-123c-422a-807e-9f3ef5f35cad
Q15623382,124814,Simona Bonafè,Italy,Q15623382-1f1cfd50-f4c4-4f57-a7d6-fdef8e70dcc6
Q64504293,197586,Stefania Zambelli,Italy,Q64504293-71AB7D5B-35E4-4656-9EB3-9674177CFE41
Q58885861,197786,Susanna Ceccardi,Italy,Q58885861-8851E305-42CD-4D52-B24F-04F1A8BB3BD7
Q17266640,124777,Tiziana Beghin,Italy,Q17266640-93898531-400d-4f10-8268-96fd57ffa007
Q64555231,197799,Valentino Grant,Italy,Q64555231-9a8ce0c3-74de-40e4-bf23-165215e0678b
Q64171693,204334,Vincenzo Sofo,Italy,Q64171693-ccc99a01-4200-5a5b-e085-7516094470a3
Q376204,197783,Andris Ameriks,Latvia,Q376204-3810e962-f0ee-4f8b-b855-13484c6631ca
Q15649550,130256,Dace Melbārde,Latvia,Q15649550-F471A91C-D26F-4F30-BF41-70CBF50C65DF
Q2662771,28617,Inese Vaidere,Latvia,Q2662771-964A5A8C-AA77-48FD-B36E-A48EC94574E6
Q28966945,197624,Ivars Ijabs,Latvia,Q28966945-77749907-8db7-4211-8d1e-9fc8ea4e5a4a
Q1287239,197810,Nils Ušakovs,Latvia,Q1287239-33D6CC12-3AA6-4302-BF0F-D40008A90310
Q969701,28615,Roberts Zīle,Latvia,Q969701-E0C0FA90-27AF-46EA-B7D5-0BB2DD2ED0F7
Q236968,96934,Sandra Kalniete,Latvia,Q236968-06e4672e-1e22-4ead-b8d7-4ed55860fd39
Q433055,28619,Tatjana Ždanoka,Latvia,Q433055-55D34A01-8E48-40AD-8002-C148630B4C3C
Q57663,197843,Andrius Kubilius,Lithuania,Q57663-fd14c39f-62f0-484a-ae56-b72896458dbd
Q16444907,197835,Aušra Maldeikienė,Lithuania,Q16444907-16E34114-D664-4BE0-B837-0CE44E32E008
Q501991,125214,Bronis Ropė,Lithuania,Q501991-16F0E884-1A61-49B5-935A-3D2DAE470A6B
Q1376538,197838,Juozas Olekas,Lithuania,Q1376538-36022D1D-77D0-4AF8-8C78-CDC8F3876B4F
Q16459273,197841,Liudas Mažylis,Lithuania,Q16459273-53789104-ADF0-438A-8013-9B244505167B
Q2080450,124766,Petras Auštrevičius,Lithuania,Q2080450-4131d75f-eee7-404b-8838-77a42be50280
Q271646,197840,Rasa Juknevičienė,Lithuania,Q271646-e49026b1-f221-4e0f-a13a-4ef0b39d814c
Q27671969,197837,Stasys Jakeliūnas,Lithuania,Q27671969-cfa57d41-9e23-43b8-bd26-8ef07bd385ad
Q1502078,96697,Valdemar Tomaševski,Lithuania,Q1502078-85B6D826-AD64-4275-89D0-9C39521BAF33
Q1361333,96698,Viktor Uspaskich,Lithuania,Q1361333-4B668C5F-5925-464B-BE87-E007DD2B0BF8
Q435394,96681,Vilija Blinkevičiūtė,Lithuania,Q435394-86e0db38-c7b3-4f54-98ad-93cc1ee2831b
Q64034615,197421,Isabel WISELER-LIMA,Luxembourg,Q64034615-339726EF-0F45-462D-9E95-7402F9807CB0
Q286466,840,Charles Goerens,Luxembourg,Q286466-9df9037a-0fde-4850-af6a-c9937472674e
Q56460787,193419,Christophe Hansen,Luxembourg,Q56460787-da984dc9-72c3-44ba-87db-55975a4035af
Q15951419,202073,Marc Angel,Luxembourg,Q15951419-11268f40-4b18-253d-2883-76831d21019f
Q16440157,197418,Monica Semedo,Luxembourg,Q16440157-15230e6e-46b4-3d1f-9217-2999250429f6
Q13105242,193292,Tilly Metz,Luxembourg,Q13105242-15E59300-64BC-48A5-9945-D99BDE9A04C9
Q7351526,118859,Roberta METSOLA,Malta,Q7351526-EFBF5BEC-2638-471B-A68D-DCFE514684B0
Q64223721,197403,Alex Agius Saliba,Malta,Q64223721-d405a15f-b517-4dd8-a51f-ff6abb41c576
Q559545,124781,Alfred Sant,Malta,Q559545-3387546C-B6EC-4C2A-B8D4-505DA14136C4
Q16209258,209091,Cyrus Engerer,Malta,Q16209258-0ba7075b-4184-bbbc-b950-f50772792546
Q578504,28122,David Casa,Malta,Q578504-46d2b60b-cd50-47a5-8e68-e275e9a756de
Q64223758,197394,Josianne Cutajar,Malta,Q64223758-BAC0892C-051A-462E-BC4C-7E87DF451AC0
Q984556,4560,Antonius MANDERS,Netherlands,Q984556-3494BF02-22B3-44C7-B15F-EDEAA1046EB2
Q21547522,190519,Caroline NAGTEGAAL,Netherlands,Q21547522-7508B3D2-95A4-4CF2-8E63-60AA49A4F07B
Q63781072,197709,Robert ROOS,Netherlands,Q63781072-7549A7F4-F5A7-4239-AC77-FB74AE0D4975
Q446991,28266,Sophia IN 'T VELD,Netherlands,Q446991-d2be6b59-b84a-4639-bcda-16c78250eb7a
Q2745560,125021,Agnes Jongerius,Netherlands,Q2745560-aa46a02b-aa68-4210-bc1f-f0f5bc049acc
Q2187156,125023,Anja Hazekamp,Netherlands,Q2187156-6ff13abb-df07-4a5a-8bd0-ce999f6a51ea
Q4769431,125030,Annie Schreijer-Pierik,Netherlands,Q4769431-52CBF2A9-CFD6-4A1B-B24B-474AE7EA6F10
Q84922653,197780,Bart Groothuis,Netherlands,Q84922653-a0ab556a-4781-2de7-45a3-ae3c03003501
Q809726,96725,Bas Eickhout,Netherlands,Q809726-06e86874-d1b5-49da-a887-e677d7f33ab9
Q64033377,197773,Bert-Jan Ruissen,Netherlands,Q64033377-42B31082-CE58-486D-96B0-8FACE8840118
Q110589780,229519,Catharina Rinzema,Netherlands,Q110589780-93e0312f-4f83-b22d-ba01-19b7f73770f1
Q64590304,204733,Dorien Rookmaker,Netherlands,Q64590304-950db25c-49e8-4453-f206-e349461cb2c4
Q439039,38398,Esther de Lange,Netherlands,Q439039-76DEF24C-AF00-4516-B9A4-9963AFADC2BB
Q17297655,58789,Jan Huitema,Netherlands,Q17297655-ca7138e7-872c-4fe1-b82a-6bb00fe40f34
Q17189402,95074,Jeroen Lenaers,Netherlands,Q17189402-473DDD35-7BA0-44FC-B2C2-F883EECDF69C
Q64223558,197870,Kim van Sparrentak,Netherlands,Q64223558-1A478597-FB9D-4A8E-98E1-3D800010AD3A
Q65058344,5392,Lara Wolters,Netherlands,Q65058344-a06feafc-4206-3b7e-ea85-5b042a5b215a
Q2798242,197781,Malik Azmani,Netherlands,Q2798242-0f14b9ac-bd21-4973-a8ae-a64c5b9ec187
Q2003427,125025,Marcel de Graaff,Netherlands,Q2003427-02af2399-44fb-6f47-0a58-39872f53de31
Q106519771,218349,Michiel Hoogeveen,Netherlands,Q106519771-63f61358-4ff8-165f-ae1c-0e3f2161cb56
Q28860746,197782,Mohammed Chahim,Netherlands,Q28860746-BDEEE476-E2FD-4777-BFB4-44909B943050
Q14053382,125020,Paul Tang,Netherlands,Q14053382-4D1B12E6-87EC-45E8-8ACE-85128C18B9C3
Q543763,96809,Peter van Dalen,Netherlands,Q543763-d1ba0dff-01fc-4418-93fe-913d6bc95a6a
Q28862426,197776,Rob Rooken,Netherlands,Q28862426-7B39DA0E-0EC0-4E6C-BBB4-7508876058F0
Q64210396,197868,Samira Rafaela,Netherlands,Q64210396-25061A65-8A4D-472A-8DED-9D4AA64FA107
Q106518433,218347,Thijs Reuten,Netherlands,Q106518433-0954a01a-4983-510b-5f86-fb48ff44690c
Q2697618,197772,Tineke Strik,Netherlands,Q2697618-A46D5901-78E4-460F-9691-EB3F5F6A6CE4
Q64399772,197778,Tom Berendsen,Netherlands,Q64399772-e977e466-a502-4a4d-beaf-2c873e1b0994
Q64777784,197756,Vera Tax,Netherlands,Q64777784-079405F1-A8B8-4FEF-8B66-D213F8A5662E
Q9154406,197541,Andżelika Anna MOŻDŻANOWSKA,Poland,Q9154406-77C7B24F-C39E-45C5-BC59-3CDAC8D99728
Q242090,96779,Danuta Maria HÜBNER,Poland,Q242090-e1848f8d-daf8-470a-90ca-514a68d44af2
Q432566,96791,Elżbieta Katarzyna ŁUKACIJEWSKA,Poland,Q432566-37DEAA2F-7C14-47B3-B031-FCCEC9120F1D
Q293295,197520,Izabela-Helena KLOC,Poland,Q293295-5e4110af-1ab3-478b-b01e-b69dd7487093
Q376746,197501,Joachim Stanisław BRUDZIŃSKI,Poland,Q376746-5286ad32-6000-4153-a4ab-48e80c0efe86
Q11767999,197495,Marek Paweł BALT,Poland,Q11767999-879dcb2d-01dd-4761-b55f-46e23bf89d4d
Q3453988,96796,Ryszard Antoni LEGUTKO,Poland,Q3453988-b8019453-ca7e-4d74-9b6f-06d21005b5b1
Q274125,96776,Róża THUN UND HOHENSTEIN,Poland,Q274125-8C8DD213-F93A-4E39-B7AF-B3F541DBDCA5
Q9359622,96801,Tomasz Piotr PORĘBA,Poland,Q9359622-0150D521-3D45-4458-85FC-120D1CD5F265
Q9375875,197566,Witold Jan WASZCZYKOWSKI,Poland,Q9375875-156C8A4D-1B54-450E-8215-FB98CF1FD2A0
Q2507571,23788,Adam Bielan,Poland,Q2507571-2875c919-d9cc-4484-bbba-3ce4d2beefd7
Q9139694,197517,Adam Jarubas,Poland,Q9139694-00aa6060-c03c-421e-9d5b-c61eec91a4a6
Q9152187,197514,Andrzej Halicki,Poland,Q9152187-70dc76bd-2d92-43f5-809e-12b0482b3d0f
Q432190,28353,Anna Fotyga,Poland,Q432190-f33890eb-300a-49e1-8e5d-1e4a1f59f3ae
Q9155828,197572,Anna Zalewska,Poland,Q9155828-1220383B-6A0B-4037-8EC4-CA8B1CC743AF
Q55703,197492,Bartosz Arłukowicz,Poland,Q55703-4afb2a89-5f38-4cd5-8023-f0bd0894393f
Q293223,197519,Beata Kempa,Poland,Q293223-3435c1a5-28a6-4924-9add-be038174247a
Q293291,197538,Beata Mazurek,Poland,Q293291-35268FC2-C234-4089-BDCB-316C50B00E6A
Q4877021,197553,Beata Szydło,Poland,Q4877021-DCDEB620-4786-441E-BFC7-9E2FA9E803C2
Q9175313,197545,Bogdan Rzońca,Poland,Q9175313-99E508A0-1748-420E-881A-6D9E54023625
Q4937928,23768,Bogusław Liberadzki,Poland,Q4937928-31CF3CEF-821E-4DBC-91AD-44878DBE4B3F
Q21282143,204346,Dominik Tarczyński,Poland,Q21282143-4ca2c21a-4047-c59b-9049-4f4d064d543e
Q293214,197532,Elżbieta Kruk,Poland,Q293214-60d2b7c1-2572-44df-97ae-c13b6c817143
Q9253246,197544,Elżbieta Rafalska,Poland,Q9253246-5304E002-70FA-45C3-8FB6-2810053630D5
Q246216,197525,Ewa Kopacz,Poland,Q246216-07731732-4370-44db-aeb8-42ecf97217be
Q5612566,197559,Grzegorz Tobiszowski,Poland,Q5612566-79C0A0F3-4EB0-4407-9B61-9866F22E5CDE
Q921839,28297,Jacek Saryusz-Wolski,Poland,Q921839-7E8075B8-1410-400A-B040-EA896FF75932
Q644441,124877,Jadwiga Wiśniewska,Poland,Q644441-CF22A9E6-C399-4D47-ABD5-6DADF17F11D9
Q6149636,28288,Jan Olbrycht,Poland,Q6149636-CAC57532-5D3F-497D-82D1-5A915C64E770
Q55823,197542,Janina Ochojska,Poland,Q55823-3D4AFC80-AF70-4367-9713-4B20D05C6A06
Q519793,23781,Janusz Lewandowski,Poland,Q519793-A5060334-CB41-4E90-AA58-BEC16A412F8C
Q9296459,197510,Jarosław Duda,Poland,Q9296459-6620153b-671f-4065-a95a-47728c0f6155
Q3672035,96771,Jarosław Kalinowski,Poland,Q3672035-b8140166-292e-4243-bce3-bd9efb708172
Q55910,28269,Jerzy Buzek,Poland,Q55910-b7a80d75-fdb3-4fc2-99a4-a4973eb7cca1
Q21282054,197530,Joanna Kopcińska,Poland,Q21282054-8ed1ebf8-c8a5-412e-a3ba-dca9c42f9ce2
Q932720,124887,Karol Karski,Poland,Q932720-e08abcab-21f0-4732-9966-6c81aa86cd7f
Q925180,124884,Kosma Złotowski,Poland,Q925180-CF311096-30D3-4B78-9793-FE8D7C44ED95
Q11749266,124895,Krzysztof Hetman,Poland,Q11749266-ead56798-5694-4fae-8597-89d44e8a1968
Q432086,197518,Krzysztof Jurgiel,Poland,Q432086-02d376b2-1b77-4700-9798-8afe7a4a1ceb
Q55782,197540,Leszek Miller,Poland,Q55782-6C460C9B-492A-4FA2-BB31-7634AD4D617D
Q60617266,197490,Magdalena Adamowicz,Poland,Q60617266-5634eedf-435c-fb31-6f71-cc438771a603
Q55900,197496,Marek Belka,Poland,Q55900-b736d7f7-ee5b-4ddf-9546-0197dc2d0ef4
Q11813593,197516,Patryk Jaki,Poland,Q11813593-9f8c9d6d-99e6-4b07-8c52-8075887e75ac
Q58085,197548,Radosław Sikorski,Poland,Q58085-32FD1D0C-6E28-4C3E-A826-EEAEB2984634
Q174491,197498,Robert Biedroń,Poland,Q174491-a8a24d55-dae5-4263-aaeb-d0bec57e215d
Q253793,28372,Ryszard Czarnecki,Poland,Q253793-94e426ae-3a86-4b88-9f87-fc42592345dc
Q55082237,197550,Sylwia Spurek,Poland,Q55082237-589CAFB2-E640-4F87-A139-3CD1F1108B4D
Q201794,197513,Tomasz Frankowski,Poland,Q201794-c3a08421-2f70-4f4e-a578-3a79fbe92477
Q55915,197507,Włodzimierz Cimoszewicz,Poland,Q55915-19600BEA-E779-43BA-A2B7-105ECD2F6695
Q6271307,28389,Zbigniew Kuźmiuk,Poland,Q6271307-ce1bbd17-6bbb-4607-8cb2-23ce5a502b56
Q9389714,124891,Zdzisław Krasnodębski,Poland,Q9389714-b1cbd782-5bfd-4515-84d7-525ab3c331a1
Q64141630,197523,Łukasz Kohut,Poland,Q64141630-ae563822-018d-451f-906a-516669844161
Q10291438,96867,Maria da Graça CARVALHO,Portugal,Q10291438-f07a80c4-cec1-4a1f-928a-f763a2dc9c0f
Q22252746,197635,Maria-Manuel LEITÃO-MARQUES,Portugal,Q22252746-7C897C8E-E409-40F9-A1F1-734FDEA29442
Q15980671,124739,Carlos Zorrinho,Portugal,Q15980671-C4360E38-1833-4BBF-A388-A736373DBB26
Q16537126,124734,Cláudia Monteiro de Aguiar,Portugal,Q16537126-CF71DA82-4D25-49E1-A8A6-7B7979C476CA
Q64153989,197645,Francisco Guerreiro,Portugal,Q64153989-1004E7FC-B5BC-4C07-B8D0-33977C227BC4
Q67115913,199996,Isabel Carvalhais,Portugal,Q67115913-88c4b1ac-4b21-ccc2-5827-62a00460a5d5
Q43376217,197650,Isabel Santos,Portugal,Q43376217-9D50D0FC-FEDF-419A-B5CF-60E4FAD5D101
Q17496473,88715,José Gusmão,Portugal,Q17496473-2C376480-9A63-4EA3-A008-CDD58FD71E74
Q10309880,96899,José Manuel Fernandes,Portugal,Q10309880-5bea447e-8b1a-4b6f-8dac-09dfcfb412c9
Q22443735,136236,João Pimenta Lopes,Portugal,Q22443735-16b69e4c-4cd7-984f-91d2-f4605040359c
Q63141476,197738,Lídia Pereira,Portugal,Q63141476-948FE2C5-AFF2-453C-B1A6-A37814FFF20D
Q10324447,197732,Manuel Pizarro,Portugal,Q10324447-E97E822D-756D-46C4-BD49-7E00DCAB3A1B
Q28973801,197638,Margarida Marques,Portugal,Q28973801-CA1DDB0B-DEB3-4521-880F-529742CC39C4
Q440355,96820,Marisa Matias,Portugal,Q440355-4A2F5E3C-5CEF-4D91-88EC-A1A184ED22E1
Q10338219,96978,Nuno Melo,Portugal,Q10338219-D62974A7-38F4-4A4C-8256-BAC2958E5BD0
Q10346767,96903,Paulo Rangel,Portugal,Q10346767-6E796CE0-3B0E-4340-A535-1435112462F5
Q22005939,197634,Pedro Marques,Portugal,Q22005939-3B1D8097-61C7-48E7-AF30-6B4A89D5E077
Q2066785,124747,Pedro Silva Pereira,Portugal,Q2066785-EF18CEA7-DA2C-4F9C-B9FC-C030EEA39DB0
Q64524420,197754,Sandra Pereira,Portugal,Q64524420-C6273CF5-D8C1-4637-B3D9-53F281127392
Q64523123,197641,Sara Cerdas,Portugal,Q64523123-AA17FAFB-CF55-4B3B-9DDD-3DC91923D6DB
Q61944361,197746,Álvaro Amaro,Portugal,Q61944361-ea4436fd-60ce-4b58-bcfa-d62fece02cf8
Q3778169,124985,Luke Ming FLANAGAN,Republic of Ireland,Q3778169-721aa1f3-4872-5c41-a082-d5389e4f62ff
Q3777503,204332,Barry Andrews,Republic of Ireland,Q3777503-2f9670b2-449f-206f-b939-e3051d6fdccf
Q559402,197818,Billy Kelleher,Republic of Ireland,Q559402-61157200-4906-66aa-06d5-a0c608508645
Q86921402,205452,Chris MacManus,Republic of Ireland,Q86921402-d811aaca-4b1e-4327-9f0d-03c04c38b016
Q380310,197654,Ciarán Cuffe,Republic of Ireland,Q380310-746182f1-4b2a-2d0b-f8c1-a90301f0add9
Q2975532,197731,Clare Daly,Republic of Ireland,Q2975532-4a078fab-4f64-39cb-db1d-5c830f827b6e
Q99195218,209896,Colm Markey,Republic of Ireland,Q99195218-33d4f887-4c54-7a7a-3e23-3781720acc6e
Q1183377,124988,Deirdre Clune,Republic of Ireland,Q1183377-3f557c84-40d2-3021-6957-001d968bd392
Q540812,197720,Frances Fitzgerald,Republic of Ireland,Q540812-e978279e-4fac-98b2-42e6-c27399da7f2b
Q16866329,197889,Grace O'Sullivan,Republic of Ireland,Q16866329-adc53ea7-4d92-f9c0-84de-e624ae6db48a
Q63978256,197863,Maria Walsh,Republic of Ireland,Q63978256-5401ef19-4c8a-8aa3-c2f0-3d0a0bf3ee60
Q6838473,197817,Mick Wallace,Republic of Ireland,Q6838473-af47deb7-49da-259c-2d7f-d4a976c09314
Q1381218,96668,Seán Kelly,Republic of Ireland,Q1381218-0f4c94f0-4012-9e20-4b02-ae8d91e57364
Q28035943,197658,Adrian-Dragoş BENEA,Romania,Q28035943-BC2A3055-8935-4BDF-A2A5-2D4D68BEF2D6
Q18541650,197653,Claudiu MANDA,Romania,Q18541650-2C8E68BB-03D5-4B18-8A47-F37570584A73
Q63413116,197655,Cristian TERHEŞ,Romania,Q63413116-C0EEB744-0E51-4014-AF16-41DC23758B8C
Q348993,38420,Cristian-Silviu BUŞOI,Romania,Q348993-7d0a1b73-40ba-5aef-498a-f4751b06a2f6
Q929248,197631,Dacian CIOLOŞ,Romania,Q929248-641E77B1-D215-4D86-AAA9-82F104AF1025
Q12726340,197647,Dan-Ştefan MOTREANU,Romania,Q12726340-21EF9ED8-A16A-4646-8F81-0DDCA593B905
Q23867530,197663,Dragoş PÎSLARU,Romania,Q23867530-6afd47a4-4d97-daaf-51bd-6a31af3b87b5
Q26833634,197665,Dragoş TUDORACHE,Romania,Q26833634-c0c53877-4023-6e42-8e2e-cfb7fb475b23
Q18544407,202112,Gheorghe-Vlad NISTOR,Romania,Q18544407-12068BFC-B931-4D6D-B377-08C5E68D31DE
Q62122110,197636,Ioan-Rareş BOGDAN,Romania,Q62122110-749CF037-4D39-4578-B351-DC99C196A75C
Q20481002,98582,Loránt VINCZE,Romania,Q20481002-3CC6F9A9-DEAB-45F0-9984-5C6DD8098635
Q24346604,197646,Mircea-Gheorghe HAVA,Romania,Q24346604-108DEA4D-2315-4C86-8571-D831868B75F5
Q64280455,58766,Nicolae ŞTEFĂNUȚĂ,Romania,Q64280455-79392b86-4e9b-7275-6436-fc4e9093e4da
Q17155237,124802,Siegfried MUREŞAN,Romania,Q17155237-E0D6D96A-9872-4C01-905D-688D33452905
Q65588984,197668,Vlad-Marius BOTOŞ,Romania,Q65588984-2625AC4E-2A45-4CC6-B00C-D16946DA1550
Q104686899,212855,Alin Mituța,Romania,Q104686899-257c50cf-44e7-f93a-4e3d-456024820fc3
Q63228576,197651,Carmen Avram,Romania,Q63228576-a4060c9d-49c7-bd2e-382b-7099a38bd5e3
Q274770,33997,Corina Crețu,Romania,Q274770-118570ed-4d7b-cfb1-4d2b-431086e65787
Q5214099,124784,Dan Nica,Romania,Q5214099-2427B584-A78A-48DB-8E69-3B3390EA9FC3
Q12726380,125012,Daniel Buda,Romania,Q12726380-86E33FAD-F630-4FA5-BCD4-A10620DC8CC1
Q15967888,197672,Eugen Tomac,Romania,Q15967888-B39BF8A3-A776-4FB5-B1EA-F67A6203CA52
Q5556322,197649,Gheorghe Falcă,Romania,Q5556322-D449D4B6-098A-408B-8233-303536C51A48
Q520490,39725,Iuliu Winkler,Romania,Q520490-db6f1688-4006-b14d-9532-4357948e78b9
Q15718586,124785,Maria Grapini,Romania,Q15718586-4dacd8c6-4f8c-eb29-56d7-ab7ffe0836e9
Q345794,33982,Marian-Jean Marinescu,Romania,Q345794-260902E4-5210-4D25-A629-D61DE5891E3F
Q12735517,198183,Mihai Tudose,Romania,Q12735517-7635729E-4DA7-480F-88FD-D4CC306C5141
Q64399737,134605,Ramona Strugariu,Romania,Q64399737-D807E525-935A-4CF9-8DAF-833ECC7E5F80
Q443095,38595,Rovana Plumb,Romania,Q443095-C21DA16A-91D7-4D10-A452-25F64A139EE7
Q57279,197671,Traian Băsescu,Romania,Q57279-1646AAD4-D3A5-4373-BB6F-FAA45D8B068D
Q12742616,197657,Tudor Ciuhodaru,Romania,Q12742616-108B1D22-5C6B-4355-9FDF-728A7B9B02CE
Q728720,197637,Vasile Blaga,Romania,Q728720-C3BB62EF-BA37-4E72-ADF4-F757ED6181AD
Q17305189,88882,Victor Negrescu,Romania,Q17305189-a1fd2f94-4c84-40ce-5519-fdb2f460616e
Q101584186,209140,Vlad Gheorghe,Romania,Q101584186-f7856270-4b5f-e1f8-dd83-d609bf141d20
Q13450383,197761,Miroslav ČÍŽ,Slovakia,Q13450383-766EF199-61E7-4303-8F9F-7932087ED31A
Q441032,23868,Monika BEŇOVÁ,Slovakia,Q441032-d6d1bf37-d2e5-48ff-b345-c7d8e9b12ddc
Q62667399,34578,Robert HAJŠEL,Slovakia,Q62667399-02a9f90d-723a-4f2f-bc25-77cf73621094
Q3059549,197767,Eugen Jurzyca,Slovakia,Q3059549-95b99a49-59e1-4046-bcd4-586ded462ba5
Q11714338,124929,Ivan Štefanec,Slovakia,Q11714338-CC7B7EB2-A125-412E-A19C-C3178F9168B0
Q12770572,197766,Lucia Ďuriš Nicholsonová,Slovakia,Q12770572-ad147efc-1142-430c-9bad-86da71e3c6ea
Q64282369,197770,Martin Hojsík,Slovakia,Q64282369-04a8b41a-d2a8-4933-bdf8-f378c9f3f7ee
Q62667366,197769,Michal Wiezik,Slovakia,Q62667366-CC1D1D67-EF9D-4571-A803-5B90792CA065
Q64159898,103746,Michal Šimečka,Slovakia,Q64159898-2D6C65C4-FC1E-41AE-84CC-2E7E652D6BCE
Q38655134,197763,Milan Uhrík,Slovakia,Q38655134-86E7778B-2DC7-4701-BCFB-9DDA6F71501C
Q64452485,204336,Miriam Lexmann,Slovakia,Q64452485-45825943-4cf9-9a02-684a-e5f51e60997e
Q64624736,197764,Miroslav Radačovský,Slovakia,Q64624736-75E9B88C-1CA4-45C4-9D7D-11331E11F23F
Q13538232,197765,Peter Pollák,Slovakia,Q13538232-6DE4F459-53A2-46A5-98A6-2778DF89C430
Q63365893,197771,Vladimír Bilčík,Slovakia,Q63365893-a41b6b88-d49a-48f7-aecb-7efa952a1fd4
Q12016827,125004,Franc Bogovič,Slovenia,Q12016827-7a211ff6-837c-48e0-8513-127c56961ea5
Q63400148,197447,Irena Joveva,Slovenia,Q63400148-a63ab7fb-664e-4cbc-be51-5fec2a02ca1e
Q61994009,197452,Klemen Grošelj,Slovenia,Q61994009-a085d7b5-832e-4553-8211-6003a93b5fa1
Q431743,28294,Ljudmila Novak,Slovenia,Q431743-45F6772C-242A-4A82-886D-66A67FE5E511
Q27929326,233862,Matjaž Nemec,Slovenia,Q27929326-16a9f23c-43d8-f2c9-9354-356d036538f1
Q17484120,197446,Milan Brglez,Slovenia,Q17484120-26ccabe4-1623-490e-816e-291414051442
Q1628512,96933,Milan Zver,Slovenia,Q1628512-82305C54-26D6-426C-810C-9696F58B920E
Q16089810,125104,Romana Tomc,Slovenia,Q16089810-740A3DD0-D684-4A70-95E1-BDFF993AE681
Q462744,96911,Tanja Fajon,Slovenia,Q462744-e7ae99a6-4df8-412a-9344-7b84786a66f4
Q4740163,202351,Carles PUIGDEMONT I CASAMAJÓ,Spain,Q4740163-17136532-485c-1aac-a822-020fd4f1b6af
Q5771098,125045,Clara AGUILERA,Spain,Q5771098-5611b440-4420-d5de-1d7e-f4adb577008a
Q33035647,204443,Clara PONSATÍ OBIOLS,Spain,Q33035647-621c361b-480a-d52f-c32a-bf4b42ac2770
Q62091380,197719,Cristina MAESTRE MARTÍN DE ALMAGRO,Spain,Q62091380-2c678f58-4e8f-5ccc-5d7a-52256cf6458e
Q5796275,197721,César LUENA,Spain,Q5796275-6a2c114b-4eb5-89e9-d663-d4d18fa555cc
Q55714607,197832,Diana RIBA I GINER,Spain,Q55714607-455f45cf-4295-ce0d-5c8a-512b492c4f64
Q11917597,197711,Dolors MONTSERRAT,Spain,Q11917597-cf19925f-4820-49c9-5daa-9c6e0fc291e6
Q3755512,96991,Eider GARDIAZABAL RUBIAL,Spain,Q3755512-64dee56d-4d95-a03e-8479-ebd067665845
Q60566514,197785,Eugenia RODRÍGUEZ PALOP,Spain,Q60566514-dc603bf3-4187-5c3f-1977-d09328288aab
Q548970,96936,Gabriel MATO,Spain,Q548970-ca2b575b-494c-f63f-4b17-cdfa14fba82e
Q17634440,197717,Ibán GARCÍA DEL BLANCO,Spain,Q17634440-eb68d620-4d17-9a59-2ca5-bc6d1bbd935f
Q4890847,125043,Inma RODRÍGUEZ-PIÑERO,Spain,Q4890847-61e1816f-48f1-5222-ce21-5d9a687d6df0
Q459373,28298,Iratxe GARCÍA PÉREZ,Spain,Q459373-4e7087e4-400b-2d3f-c874-cfaccb91a5b3
Q64094738,197679,Isabel BENJUMEA BENJUMEA,Spain,Q64094738-64815d85-4a61-a340-7d48-29045ffa6096
Q16977671,125042,Javi LÓPEZ,Spain,Q16977671-a5dd47c1-4e9a-55b5-105b-0c5a33ce7be6
Q557693,126644,Jordi CAÑAS,Spain,Q557693-724c8f44-41b2-d337-89f1-f9b6724acbfc
Q14038593,185974,Jordi SOLÉ,Spain,Q14038593-67b2400b-4163-7fd4-5eec-90cc60bd763d
Q58095,1992,José Manuel GARCÍA-MARGALLO Y MARFIL,Spain,Q58095-8065ed43-4c6a-4944-089d-488c9bb80c6c
Q3066505,197779,José Ramón BAUZÁ DÍAZ,Spain,Q3066505-c061b0f7-4257-e8ce-41c0-9b88fa687345
Q2223607,197621,Juan Ignacio ZOIDO ÁLVAREZ,Spain,Q2223607-d488e1d2-429f-ff17-61ca-f70af6d75c3d
Q3775281,4344,María Soraya RODRÍGUEZ RAMOS,Spain,Q3775281-3a23fe7f-4b8b-98c1-7f7e-fd756aebb940
Q4891277,197684,Pernando BARRENA ARZA,Spain,Q4891277-783449db-42d2-38cb-5b42-bd9c5ae027b5
Q292095,28390,Pilar del CASTILLO VERA,Spain,Q292095-7fa62c56-4974-5af3-d75f-da58d2cc9062
Q4894822,96811,Rosa ESTARÀS FERRAGUT,Spain,Q4894822-50b2df67-4aff-41d7-a3b1-0a762c77d5c3
Q64091813,197735,Adriana Maldonado López,Spain,Q64091813-f5e5db4d-4b14-2d19-7a34-baa8fa11fef2
Q84143629,204400,Adrián Vázquez Lázara,Spain,Q84143629-3d488752-40d7-f97a-3897-7d8602bbde5e
Q64092237,122978,Alicia Homs Ginel,Spain,Q64092237-3d1fc487-45e7-9e98-309f-4571835e0b47
Q16189675,202352,Antoni Comín i Oliveres,Spain,Q16189675-4d419c3b-49bf-b0d0-9aed-54a5a58d7ad9
Q602944,28399,Antonio López-Istúriz White,Spain,Q602944-3c3ec783-45d7-4014-753f-ff793720983f
Q64092987,127096,Domènec Ruiz Devesa,Spain,Q64092987-63d58e93-4ee3-6bad-c32b-b4c5535a51c8
Q15564103,124972,Ernest Urtasun,Spain,Q15564103-ff7be002-4d7d-aeee-4ade-edadc21ac006
Q2794709,125027,Esteban González Pons,Spain,Q2794709-34BB543D-0B3C-4A9C-9218-52674B0BD3BD
Q65006911,198329,Estrella Durá Ferrandis,Spain,Q65006911-518eb7ee-4dd5-62fc-0951-ccde566d9785
Q3775015,28400,Francisco José Millán Mon,Spain,Q3775015-5b86ad40-4a34-b220-1729-ba7b4431d51b
Q5895692,197831,Hermann Tertsch,Spain,Q5895692-1778f848-4cab-5801-a136-726410c75a24
Q28802997,197827,Idoia Villanueva Ruiz,Spain,Q28802997-590074fb-431f-b6f3-1e04-c235b08200f2
Q64093425,197742,Isabel García Muñoz,Spain,Q64093425-061509ea-41f6-9f52-886c-7477ef29ad41
Q290539,96922,Izaskun Bilbao Barandica,Spain,Q290539-630833d8-46af-d42f-7747-d96d8c64d0d8
Q3497934,28347,Javier Moreno Sánchez,Spain,Q3497934-c27f9473-4fb4-1bb7-9c16-c6b62bcb0b90
Q5928039,125005,Javier Nart,Spain,Q5928039-5dd1d073-4bdd-fcb5-5677-55ae33a050b5
Q20016702,197606,Javier Zarzalejos,Spain,Q20016702-df930e00-459e-29a2-712c-a80e7cb3c5cc
Q17155376,125046,Jonás Fernández,Spain,Q17155376-4f248450-4e50-e99c-9520-30c181d3760e
Q55493801,197829,Jorge Buxadé Villalba,Spain,Q55493801-b15ec66c-4005-1a66-1ed4-432fe2e49b83
Q941950,96812,Juan Fernando López Aguilar,Spain,Q941950-7c10b9a1-4a73-35f8-f073-476bc975170c
Q63346170,197777,Leopoldo López Gil,Spain,Q63346170-9c7e9a00-4868-6663-2724-755394278485
Q22661777,197702,Lina Gálvez Muñoz,Spain,Q22661777-03daab15-4a4f-c1d7-c08b-8d30de88ddc4
Q6700640,197554,Luis Garicano,Spain,Q6700640-731cfe11-41e6-9b1e-60ac-80f720ab383e
Q9027010,125038,Maite Pagazaurtundúa,Spain,Q9027010-27c722a3-467f-190e-86f2-3012cada77ef
Q64095559,197828,Manu Pineda,Spain,Q64095559-9540b15d-4754-c0a5-56f8-1ece4b85fb15
Q84082329,204413,Marcos Ros Sempere,Spain,Q84082329-5fabd8c1-4e9a-1fda-7eea-8342ec64885e
Q63945501,204414,Margarita de la Pisa Carrión,Spain,Q63945501-58dd55c8-4714-8963-d5b6-cd97d3e83c37
Q63932525,198096,Mazaly Aguilar,Spain,Q63932525-80adc672-440c-a4ce-ed37-7096b3d292fb
Q19422218,131507,Miguel Urbán Crespo,Spain,Q19422218-b2b91f19-4fd4-abd8-8ae7-8806c655025a
Q55453413,197728,Mónica Silvana González,Spain,Q55453413-3e48a942-4144-5d9d-ea9e-54b5c5426fad
Q5913582,197722,Nacho Sánchez Amor,Spain,Q5913582-001cfd5f-4386-510e-b396-bcbdcb650708
Q20535883,197718,Nicolás González Casares,Spain,Q20535883-fd8f5827-4e20-a749-0b0d-265c857a5300
Q504595,96808,Pablo Arias Echeverría,Spain,Q504595-b2ca8778-409d-f2e1-cd50-c848852718f5
Q61743771,197681,Sira Rego,Spain,Q61743771-c9c6e9b2-4ce7-79fc-5e26-8736eb93101c
Q63140495,197784,Susana Solís Pérez,Spain,Q63140495-a53fa11f-45b4-0c3a-9e97-d4372bf7aef2
Q4725739,197395,Alice KUHNKE,Sweden,Q4725739-df7d54b7-0623-4a41-8ccb-2cb24e8e0571
Q5616258,183338,Jakop G. DALUNDE,Sweden,Q5616258-2535d268-4ddd-bc7f-90d5-1758e118724e
Q4118653,197400,Abir Al-Sahlani,Sweden,Q4118653-0f56d007-dd36-4369-962d-091152835ef5
Q16595498,197406,Arba Kokalari,Sweden,Q16595498-d0254ba8-c5b8-4662-8774-4ad72b778f7a
Q5085688,123562,Charlie Weimers,Sweden,Q5085688-F4B178A1-8DBB-4FF3-8D10-73F527FB5AE1
Q5236464,197393,David Lega,Sweden,Q5236464-570FAA71-E3AB-4EA8-B0FF-6686B2C31CD3
Q104126196,214839,Emma Wiesner,Sweden,Q104126196-fe7f5c72-4c0a-c144-ba1c-635e9996ce20
Q47506087,197396,Erik Bergkvist,Sweden,Q47506087-b9bd4aba-4bf7-491a-af79-ab4c63fd45c6
Q63975157,197392,Evin Incir,Sweden,Q63975157-fab799d2-27c9-41a2-bc6e-945fc821a82b
Q4949040,197391,Heléne Fritzon,Sweden,Q4949040-848290c1-351f-4628-9dd8-1ed4236ad5b6
Q16160202,228604,Ilan De Basso,Sweden,Q16160202-d7c7753d-4187-f771-f03e-7dfdbdaedcd4
Q4559562,197404,Jessica Polfjärd,Sweden,Q4559562-57763064-3176-4965-AA52-FBDD10806E20
Q63975366,197399,Jessica Stegrud,Sweden,Q63975366-9C04CA0C-698D-4B85-B71E-C06BA8AD48D4
Q4988619,124991,Jytte Guteland,Sweden,Q4988619-f5925964-6870-4b92-afb6-332e9a5715dc
Q6232261,197405,Jörgen Warborn,Sweden,Q6232261-48D17122-E535-4083-9BE4-C83D5DE59801
Q4958080,197401,Karin Karlsbro,Sweden,Q4958080-812fe423-eb9d-4a0a-9505-4cd1b57657fa
Q16162917,124992,Malin Björk,Sweden,Q16162917-628b38e8-fc84-49e5-a417-7fba66ab0485
Q16633235,124996,Peter Lundgren,Sweden,Q16633235-3B870EA4-3500-4B66-8926-F37CAD6E2A85
Q5811605,197398,Pär Holmgren,Sweden,Q5811605-17dc5a95-dca8-497b-8161-a1bb9dc19f18
Q4979205,197390,Sara Skyttedal,Sweden,Q4979205-EB253938-3262-43AF-A097-18A4EC657146
Q6212174,197402,Tomas Tobé,Sweden,Q6212174-88A6CBCA-9E80-4D64-B6DD-EE587A9FC6C9
